Betreiber,Anzeigename (Karte),Straße,Hausnummer,Adresszusatz,Postleitzahl,Ort,Kreis/kreisfreie Stadt,Bundesland,Breitengrad,Längengrad,Inbetriebnahmedatum,Nennleistung Ladeeinrichtung [kW],Anzahl Ladepunkte,Steckertypen1,Public Key1,Steckertypen2,Public Key2,Steckertypen3,Public Key2,Steckertypen3,Public Key3,Steckertypen4,Public Key4,Steckertypen5,Public Key5,Steckertypen6,Public Key6
ib company GmbH,ibcompany,Zerrennerstraße,28,,75172,Pforzheim,Stadtkreis Pforzheim,Baden-Württemberg,"48,89111","8,69608",3/17/2023,44,2,AC Typ 2 Steckdose,,AC Typ 2 Steckdose,,,,,,,,,,,
ib company GmbH,ibcompany,Zerrennerstraße,28,,75172,Pforzheim,Stadtkreis Pforzheim,Baden-Württemberg,"48,89111","8,69608",3/17/2023,44,2,AC Typ 2 Steckdose,,AC Typ 2 Steckdose,,,,,,,,,,,
ib company GmbH,ibcompany,Zerrennerstraße,28,,75172,Pforzheim,Stadtkreis Pforzheim,Baden-Württemberg,"48,89111","8,69608",3/17/2023,22,1,AC Typ 2 Steckdose,,,,,,,,,,,,,
ib company GmbH,ibcompany,Zerrennerstraße,28,,75172,Pforzheim,Stadtkreis Pforzheim,Baden-Württemberg,"48,89111","8,69608",3/17/2023,22,1,AC Typ 2 Steckdose,,,,,,,,,,,,,
ib company GmbH,ibcompany,Zerrennerstraße,28,,75172,Pforzheim,Stadtkreis Pforzheim,Baden-Württemberg,"48,89111","8,69608",3/17/2023,44,2,AC Typ 2 Steckdose,,AC Typ 2 Steckdose,,,,,,,,,,,
ib company GmbH,ibcompany,Zerrennerstraße,28,,75172,Pforzheim,Stadtkreis Pforzheim,Baden-Württemberg,"48,89111","8,69608",3/17/2023,44,2,AC Typ 2 Steckdose,,AC Typ 2 Steckdose,,,,,,,,,,,
SWP Stadtwerke Pforzheim GmbH&Co.KG,Stadtwerke Pforzheim,Wildergrundallee,0,,75172,Pforzheim,Stadtkreis Pforzheim,Baden-Württemberg,"48,893535","8,684743",5/12/2023,44,2,AC Typ 2 Steckdose,,AC Typ 2 Steckdose,,,,,,,,,,,
SWP Stadtwerke Pforzheim GmbH&Co.KG,Stadtwerke Pforzheim,Maximilianstraße,0,,75172,Pforzheim,Stadtkreis Pforzheim,Baden-Württemberg,"48,891578","8,674902",5/12/2023,44,2,AC Typ 2 Steckdose,,AC Typ 2 Steckdose,,,,,,,,,,,
SWP Stadtwerke Pforzheim GmbH&Co.KG,Stadtwerke Pforzheim,Habermehlstraße,0,,75172,Pforzheim,Stadtkreis Pforzheim,Baden-Württemberg,"48,890976","8,686452",6/27/2023,44,2,AC Typ 2 Steckdose,,AC Typ 2 Steckdose,,,,,,,,,,,
SWP Stadtwerke Pforzheim GmbH&Co.KG,Stadtwerke Pforzheim,Habermehlstraße,0,,75172,Pforzheim,Stadtkreis Pforzheim,Baden-Württemberg,"48,89104","8,690261",6/27/2023,44,2,AC Typ 2 Steckdose,,AC Typ 2 Steckdose,,,,,,,,,,,
SWP Stadtwerke Pforzheim GmbH&Co.KG,Stadtwerke Pforzheim,Emilienstraße,0,,75172,Pforzheim,Stadtkreis Pforzheim,Baden-Württemberg,"48,891589","8,692897",6/27/2023,44,2,AC Typ 2 Steckdose,,AC Typ 2 Steckdose,,,,,,,,,,,
SWP Stadtwerke Pforzheim GmbH&Co.KG,Stadtwerke Pforzheim,Osterfeldstraße,0,,75172,Pforzheim,Stadtkreis Pforzheim,Baden-Württemberg,"48,892904","8,687085",6/27/2023,44,2,AC Typ 2 Steckdose,,AC Typ 2 Steckdose,,,,,,,,,,,
SWP Stadtwerke Pforzheim GmbH&Co.KG,Stadtwerke Pforzheim,Am Langen Hof,0,,75172,Pforzheim,Stadtkreis Pforzheim,Baden-Württemberg,"48,889235","8,669225",6/27/2023,44,2,AC Typ 2 Steckdose,,AC Typ 2 Steckdose,,,,,,,,,,,
SWP Stadtwerke Pforzheim GmbH&Co.KG,Stadtwerke Pforzheim,Maximilianstraße,95,,75172,Pforzheim,Stadtkreis Pforzheim,Baden-Württemberg,"48,892206","8,679073",1/1/2024,44,1,AC Typ 2 Steckdose,,,,,,,,,,,,,
ib company GmbH,ibcompany,Büchenbronner Str.,30,,75172,Pforzheim,Stadtkreis Pforzheim,Baden-Württemberg,"48,88801","8,66987",8/30/2024,22,2,AC Typ 2 Steckdose,"9398 C1F0 9DFA 5715 0F7B E0E8 085D 9D56 2C16 ABAE 5258 EF11
FC35 AED5 9877 A3C6 D96C AC3B 4142 0819 59D1 F719 0956 B100",AC Typ 2 Steckdose,"9BAC B28B EA13 9BA4 40A5 95CD 4AAA 058D F332 35A6 DE15 2CB5
BB2D 6FC2 B547 C78B D1D2 1099 32A8 FD13 4CAC AD64 9273 4863",,"9BAC B28B EA13 9BA4 40A5 95CD 4AAA 058D F332 35A6 DE15 2CB5
BB2D 6FC2 B547 C78B D1D2 1099 32A8 FD13 4CAC AD64 9273 4863",,,,,,,,
ib company GmbH,ibcompany,Büchenbronner Str.,30,,75172,Pforzheim,Stadtkreis Pforzheim,Baden-Württemberg,"48,88801","8,66987",8/30/2024,22,2,AC Typ 2 Steckdose,"1EA2 77BB AA41 D8AE BD54 3F0C 9B88 A322 3D66 C425 A529
68B5 C55E A17C 7B16 0EDD E4E0 3F46 8366 09A5 5485 E5DC 0978
F3FF",AC Typ 2 Steckdose,"C06F 11CB 50A8 BA1A A399 FF07 EE71 0090 F9F7 1E5F AD21 ACDD
295E 80F7 13A6 863E DADD FD43 AC07 B989 5D7B A534 2448 871E",,"C06F 11CB 50A8 BA1A A399 FF07 EE71 0090 F9F7 1E5F AD21 ACDD
295E 80F7 13A6 863E DADD FD43 AC07 B989 5D7B A534 2448 871E",,,,,,,,
Sparkasse Pforzheim Calw Anstalt des öffentlichen Rechts,,Poststraße,3,,75172,Pforzheim,Stadtkreis Pforzheim,Baden-Württemberg,"48,89374","8,697881",2/13/2024,22,2,AC Typ 2 Steckdose,,AC Typ 2 Steckdose,,,,,,,,,,,
Hahn Automobile GmbH & Co. KG,,Habermehlstraße,52,,75172,Pforzheim,Stadtkreis Pforzheim,Baden-Württemberg,"48,890695","8,681876",12/23/2020,22,2,AC Typ 2 Steckdose,,AC Typ 2 Steckdose,,,,,,,,,,,
Hahn Automobile GmbH & Co. KG,,Habermehlstraße,52,,75172,Pforzheim,Stadtkreis Pforzheim,Baden-Württemberg,"48,890685","8,681772",12/23/2020,62.5,1,DC Fahrzeugkupplung Typ Combo 2 (CCS); DC CHAdeMO,,,,,,,,,,,,,
Claus Heinemann Elektroanlagen GmbH,ChargeOne,Bleichstraße,17,,75173,Pforzheim,Stadtkreis Pforzheim,Baden-Württemberg,"48,887822","8,697772",3/20/2024,11,4,AC Typ 2 Steckdose,3049301306072A8648CE3D020106082A8648CE3D03010103320004C23FD38D89FFC8920CAAFDFB2D0530F66E64EE0095E5C5194EABBA274F9C06D4405CAE9B7B8539E79F89B5FA745F241D,AC Typ 2 Steckdose,3049301306072A8648CE3D020106082A8648CE3D0301010332000462A0C3C565F09D3DDB44E7C60EB3F12B660EA0614AA1B0F74E1BD1494A99302D91A132950FABD47CB677DEB01DB036CA,AC Typ 2 Steckdose,3049301306072A8648CE3D020106082A8648CE3D0301010332000462A0C3C565F09D3DDB44E7C60EB3F12B660EA0614AA1B0F74E1BD1494A99302D91A132950FABD47CB677DEB01DB036CA,AC Typ 2 Steckdose,3049301306072A8648CE3D020106082A8648CE3D03010103320004A468EB8A791DC7B982B7B5FEC2ACE45CEA77D28C3F21CFD4F72D880F87F1E78E1D29A94BEC4F95A07C2438120F9A9F39,AC Typ 2 Steckdose,3049301306072A8648CE3D020106082A8648CE3D03010103320004FD3BD6E6AAAB669F9C1BF43057DB1210D9CBE62AF8A6A0EFD78A993CCDB74EFE78F1C4B13E0666358BF44F6DCBC62356,,,,
SWP Stadtwerke Pforzheim GmbH&Co.KG,Stadtwerke Pforzheim,Melanchthonstraße,0,,75173,Pforzheim,Stadtkreis Pforzheim,Baden-Württemberg,"48,888513","8,701011",6/27/2023,88,4,AC Typ 2 Steckdose,,AC Typ 2 Steckdose,,AC Typ 2 Steckdose,,AC Typ 2 Steckdose,,AC Typ 2 Steckdose,,,,,
SWP Stadtwerke Pforzheim GmbH&Co.KG,Stadtwerke Pforzheim,Bleichstraße,0,,75173,Pforzheim,Stadtkreis Pforzheim,Baden-Württemberg,"48,881455","8,696822",6/27/2023,88,4,AC Typ 2 Steckdose,,AC Typ 2 Steckdose,,AC Typ 2 Steckdose,,AC Typ 2 Steckdose,,AC Typ 2 Steckdose,,,,,
SWP Stadtwerke Pforzheim GmbH&Co.KG,Stadtwerke Pforzheim,Vogesenallee,0,,75173,Pforzheim,Stadtkreis Pforzheim,Baden-Württemberg,"48,883157","8,68668",6/27/2023,44,2,AC Typ 2 Steckdose,,AC Typ 2 Steckdose,,,,,,,,,,,
SWP Stadtwerke Pforzheim GmbH&Co.KG,Stadtwerke Pforzheim,Fraunhofer Straße,0,,75173,Pforzheim,Stadtkreis Pforzheim,Baden-Württemberg,"48,887961","8,687401",6/27/2023,44,2,AC Typ 2 Steckdose,,AC Typ 2 Steckdose,,,,,,,,,,,
ALDI SÜD Immobilienverwaltungs-GmbH & Co. oHG,ALDI SÜD,Schwarzwaldstr.,1,,75173,Pforzheim,Stadtkreis Pforzheim,Baden-Württemberg,"48,886678","8,695128",8/30/2024,50,2,DC Fahrzeugkupplung Typ Combo 2 (CCS),3056301006072A8648CE3D020106052B8104000A03420004A8E1E9EF0BD7D63518D9932BFC368F5D0093986D749DC0BD63FF57B846F796E2DED27D9A9639B84632DDD4BDC254EB0D38221EDC1ABA668A5C31F2D9AED1797E,DC Fahrzeugkupplung Typ Combo 2 (CCS),3056301006072A8648CE3D020106052B8104000A03420004989B78D04C862017D59C10FFBF09431A852207FAF420CEF166E61F86740343E0D98C27C22F946DC9E7B598B3DD1223582B57094095965A3F7934B88D0CF9B66E,,3056301006072A8648CE3D020106052B8104000A03420004989B78D04C862017D59C10FFBF09431A852207FAF420CEF166E61F86740343E0D98C27C22F946DC9E7B598B3DD1223582B57094095965A3F7934B88D0CF9B66E,,,,,,,,
SWP Stadtwerke Pforzheim GmbH&Co.KG,Stadtwerke Pforzheim,Tiefenbronnerstraße,0,,75175,Pforzheim,Stadtkreis Pforzheim,Baden-Württemberg,"48,876296","8,717254",6/27/2023,44,2,AC Typ 2 Steckdose,,AC Typ 2 Steckdose,,,,,,,,,,,
SWP Stadtwerke Pforzheim GmbH&Co.KG,Stadtwerke Pforzheim,Holzgartenstraße,0,,75175,Pforzheim,Stadtkreis Pforzheim,Baden-Württemberg,"48,889213","8,710846",6/27/2023,44,2,AC Typ 2 Steckdose,,AC Typ 2 Steckdose,,,,,,,,,,,
SWP Stadtwerke Pforzheim GmbH&Co.KG,Stadtwerke Pforzheim,Gaußstraße,0,,75175,Pforzheim,Stadtkreis Pforzheim,Baden-Württemberg,"48,882704","8,711554",6/27/2023,44,2,AC Typ 2 Steckdose,,AC Typ 2 Steckdose,,,,,,,,,,,
SWP Stadtwerke Pforzheim GmbH&Co.KG,Stadtwerke Pforzheim,Graf-Leutrum-Straße,0,,75175,Pforzheim,Stadtkreis Pforzheim,Baden-Württemberg,"48,886408","8,734439",6/27/2023,44,2,AC Typ 2 Steckdose,,AC Typ 2 Steckdose,,,,,,,,,,,
SWP Stadtwerke Pforzheim GmbH&Co.KG,Stadtwerke Pforzheim,Kantstraße,0,,75175,Pforzheim,Stadtkreis Pforzheim,Baden-Württemberg,"48,88182","8,71645",6/27/2023,44,2,AC Typ 2 Steckdose,,AC Typ 2 Steckdose,,,,,,,,,,,
SWP Stadtwerke Pforzheim GmbH&Co.KG,Stadtwerke Pforzheim,St. Georgensteige,0,,75175,Pforzheim,Stadtkreis Pforzheim,Baden-Württemberg,"48,885778","8,710741",6/27/2023,44,2,AC Typ 2 Steckdose,,AC Typ 2 Steckdose,,,,,,,,,,,
SWP Stadtwerke Pforzheim GmbH&Co.KG,Stadtwerke Pforzheim,Schellingstraße,0,,75175,Pforzheim,Stadtkreis Pforzheim,Baden-Württemberg,"48,88203","8,701191",6/27/2023,44,2,AC Typ 2 Steckdose,,AC Typ 2 Steckdose,,,,,,,,,,,
SWP Stadtwerke Pforzheim GmbH&Co.KG,Stadtwerke Pforzheim,Gabelsbergerstraße,0,,75175,Pforzheim,Stadtkreis Pforzheim,Baden-Württemberg,"48,886997","8,704179",6/27/2023,44,2,AC Typ 2 Steckdose,,AC Typ 2 Steckdose,,,,,,,,,,,
SWP Stadtwerke Pforzheim GmbH&Co.KG,Stadtwerke Pforzheim,Altstädter Straße,0,,75175,Pforzheim,Stadtkreis Pforzheim,Baden-Württemberg,"48,890974","8,712895",6/27/2023,44,2,AC Typ 2 Steckdose,,AC Typ 2 Steckdose,,,,,,,,,,,
SWP Stadtwerke Pforzheim GmbH&Co.KG,Stadtwerke Pforzheim,Emma-Jäger-Straße,0,,75175,Pforzheim,Stadtkreis Pforzheim,Baden-Württemberg,"48,88887","8,703782",6/27/2023,88,4,AC Typ 2 Steckdose,,AC Typ 2 Steckdose,,AC Typ 2 Steckdose,,AC Typ 2 Steckdose,,AC Typ 2 Steckdose,,,,,
SWP Stadtwerke Pforzheim GmbH&Co.KG,Stadtwerke Pforzheim,Tiefenbronnerstraße,65,,75175,Pforzheim,Stadtkreis Pforzheim,Baden-Württemberg,"48,879419","8,715868",1/1/2024,44,2,AC Typ 2 Steckdose,,AC Typ 2 Steckdose,,,,,,,,,,,
SWP Stadtwerke Pforzheim GmbH&Co.KG,Stadtwerke Pforzheim,Tiefenbronnerstraße,65,,75175,Pforzheim,Stadtkreis Pforzheim,Baden-Württemberg,"48,879419","8,715868",1/1/2024,44,2,AC Typ 2 Steckdose,,AC Typ 2 Steckdose,,,,,,,,,,,
SWP Stadtwerke Pforzheim GmbH&Co.KG,Stadtwerke Pforzheim,Tiefenbronnerstraße,65,,75175,Pforzheim,Stadtkreis Pforzheim,Baden-Württemberg,"48,879419","8,715868",1/1/2024,44,2,AC Typ 2 Steckdose,,AC Typ 2 Steckdose,,,,,,,,,,,
SWP Stadtwerke Pforzheim GmbH&Co.KG,Stadtwerke Pforzheim,Tiefenbronnerstraße,65,,75175,Pforzheim,Stadtkreis Pforzheim,Baden-Württemberg,"48,879419","8,715868",1/1/2024,44,2,AC Typ 2 Steckdose,,AC Typ 2 Steckdose,,,,,,,,,,,
Parkhotel Pforzheim GmbH & Co. KG,,Deimlingstrasse,32-36,,75175,Pforzheim,Stadtkreis Pforzheim,Baden-Württemberg,"48,88939","8,7031",7/8/2022,11,2,AC Typ 2 Steckdose,3059 3013 0607 2A86 48CE 3D02 0106 082A 8648 CE3D 0301 0703 4200 0484 B475 3FB1 114E 6A18 EC09 B89D 848C 8157 E7EA 5364 5398 0C5D A571 A69A C9B2 89AC E5DF 13F9 4556 74AD 72D0 5C68 239A CD21 09E7 CB2E FDEE 4534 64FF E11A 51BE 5A,AC Typ 2 Steckdose,3059 3013 0607 2A86 48CE 3D02 0106 082A 8648 CE3D 0301 0703 4200 0484 B475 3FB1 114E 6A18 EC09 B89D 848C 8157 E7EA 5364 5398 0C5D A571 A69A C9B2 89AC E5DF 13F9 4556 74AD 72D0 5C68 239A CD21 09E7 CB2E FDEE 4534 64FF E11A 51BE 5A,,3059 3013 0607 2A86 48CE 3D02 0106 082A 8648 CE3D 0301 0703 4200 0484 B475 3FB1 114E 6A18 EC09 B89D 848C 8157 E7EA 5364 5398 0C5D A571 A69A C9B2 89AC E5DF 13F9 4556 74AD 72D0 5C68 239A CD21 09E7 CB2E FDEE 4534 64FF E11A 51BE 5A,,,,,,,,
PARK SERVICE HÜFNER GmbH + Co. KG,,Am Waisenhausplatz,5,Parkhaus Stadttheater,75175,Pforzheim,Stadtkreis Pforzheim,Baden-Württemberg,"48,88963","8,70088",4/4/2022,44,2,AC Typ 2 Steckdose,,AC Typ 2 Steckdose,,,,,,,,,,,
PARK SERVICE HÜFNER GmbH + Co. KG,,Am Waisenhausplatz,5,Parkhaus Stadttheater,75175,Pforzheim,Stadtkreis Pforzheim,Baden-Württemberg,"48,88963","8,70088",4/4/2022,44,2,AC Typ 2 Steckdose,,AC Typ 2 Steckdose,,,,,,,,,,,
PARK SERVICE HÜFNER GmbH + Co. KG,,Am Waisenhausplatz,5,Parkhaus Stadttheater,75175,Pforzheim,Stadtkreis Pforzheim,Baden-Württemberg,"48,88963","8,70088",4/4/2022,44,2,AC Typ 2 Steckdose,,AC Typ 2 Steckdose,,,,,,,,,,,
PARK SERVICE HÜFNER GmbH + Co. KG,,Am Waisenhausplatz,6,Parkhaus Marktplatz,75175,Pforzheim,Stadtkreis Pforzheim,Baden-Württemberg,"48,89032","8,70164",4/21/2022,44,2,AC Typ 2 Steckdose,,AC Typ 2 Steckdose,,,,,,,,,,,
PARK SERVICE HÜFNER GmbH + Co. KG,,Am Waisenhausplatz,6,Parkhaus Marktplatz,75175,Pforzheim,Stadtkreis Pforzheim,Baden-Württemberg,"48,89032","8,70164",4/21/2022,44,2,AC Typ 2 Steckdose,,AC Typ 2 Steckdose,,,,,,,,,,,
PARK SERVICE HÜFNER GmbH + Co. KG,,Am Waisenhausplatz,6,Parkhaus Marktplatz,75175,Pforzheim,Stadtkreis Pforzheim,Baden-Württemberg,"48,89032","8,70164",4/21/2022,44,2,AC Typ 2 Steckdose,,AC Typ 2 Steckdose,,,,,,,,,,,
Lidl Dienstleistung GmbH & Co. KG,Lidl,Am Hauptgüterbahnhof,2-4,LDE_5938_T65-IT1-2422-100,75177,Pforzheim-Nordstadt,Stadtkreis Pforzheim,Baden-Württemberg,"48,895998","8,711155",12/1/2022,71,3,AC Typ 2 Steckdose; AC Typ 2 Fahrzeugkupplung,,AC Typ 2 Fahrzeugkupplung; DC Fahrzeugkupplung Typ Combo 2 (CCS),,AC Typ 2 Fahrzeugkupplung; DC Fahrzeugkupplung Typ Combo 2 (CCS),,AC Typ 2 Fahrzeugkupplung; DC Fahrzeugkupplung Typ Combo 2 (CCS),,,,,,,
BP Europa SE,Aral Pulse,Lochäckerstraße,B294,B294,75177,Pforzheim,Stadtkreis Pforzheim,Baden-Württemberg,"48,91066","8,71844",12/15/2021,300,2,DC Fahrzeugkupplung Typ Combo 2 (CCS); DC CHAdeMO,,DC Fahrzeugkupplung Typ Combo 2 (CCS),,,,,,,,,,,
BP Europa SE,Aral Pulse,Lochäckerstraße,B294,B294,75177,Pforzheim,Stadtkreis Pforzheim,Baden-Württemberg,"48,91066","8,71",12/15/2021,300,2,DC Fahrzeugkupplung Typ Combo 2 (CCS); DC CHAdeMO,,DC Fahrzeugkupplung Typ Combo 2 (CCS),,,,,,,,,,,
ib company GmbH,ibcompany,Kieselbronner Straße,59,,75177,Pforzheim,Stadtkreis Pforzheim,Baden-Württemberg,"48,915013","8,724518",5/25/2023,44,2,AC Typ 2 Fahrzeugkupplung,c46e a703 2b23 7e18 a648 38b6 d797 2e14 0652 8e5e 1df1 6c79 2488 6531 3efc 2a00 a7b5 007f 314f 29b3 ac31 0d31 1889 4418,AC Typ 2 Fahrzeugkupplung,7b8d 7c89 5ccb 7335 9a13 33b2 2e8d 7eed 1fab 8d16 f976 90a5 9f98 a790 0740 1a81 bb0b 371a b0a7 fcb1 b11c 87df 142a ab69,,7b8d 7c89 5ccb 7335 9a13 33b2 2e8d 7eed 1fab 8d16 f976 90a5 9f98 a790 0740 1a81 bb0b 371a b0a7 fcb1 b11c 87df 142a ab69,,,,,,,,
ib company GmbH,ibcompany,Kieselbronner Straße,59,,75177,Pforzheim,Stadtkreis Pforzheim,Baden-Württemberg,"48,915013","8,724518",5/25/2023,44,2,AC Typ 2 Fahrzeugkupplung,2a2b f74a 6382 dcc2 ba75 587e 31ca 3bbb b37e 2b35 966b 3558 ad9e d2be 8009 45c0 c60b ea61 ef04 ca1c 551c e0b7 22ff 3631,AC Typ 2 Fahrzeugkupplung,f9af bf5a b4b0 322d 301a 0c3d 5229 8a1f 85fd 91c7 dcf9 271b 7cf8 7dd5 cbe2 6efb 5ff3 7f7a 1349 0068 6994 3da6 b361 80b2,,f9af bf5a b4b0 322d 301a 0c3d 5229 8a1f 85fd 91c7 dcf9 271b 7cf8 7dd5 cbe2 6efb 5ff3 7f7a 1349 0068 6994 3da6 b361 80b2,,,,,,,,
SWP Stadtwerke Pforzheim GmbH&Co.KG,Stadtwerke Pforzheim,Brettener Straße,0,,75177,Pforzheim,Stadtkreis Pforzheim,Baden-Württemberg,"48,898506","8,708517",5/12/2023,44,2,AC Typ 2 Steckdose,,AC Typ 2 Steckdose,,,,,,,,,,,
SWP Stadtwerke Pforzheim GmbH&Co.KG,Stadtwerke Pforzheim,Redtenbacherstraße,0,,75177,Pforzheim,Stadtkreis Pforzheim,Baden-Württemberg,"48,900771","8,718682",5/12/2023,44,2,AC Typ 2 Steckdose,,AC Typ 2 Steckdose,,,,,,,,,,,
SWP Stadtwerke Pforzheim GmbH&Co.KG,Stadtwerke Pforzheim,Habsburgerstraße,0,,75177,Pforzheim,Stadtkreis Pforzheim,Baden-Württemberg,"48,898577","8,69845",6/27/2023,44,2,AC Typ 2 Steckdose,,AC Typ 2 Steckdose,,,,,,,,,,,
SWP Stadtwerke Pforzheim GmbH&Co.KG,Stadtwerke Pforzheim,Pfälzer Straße,0,,75177,Pforzheim,Stadtkreis Pforzheim,Baden-Württemberg,"48,895571","8,703951",6/27/2023,44,2,AC Typ 2 Steckdose,,AC Typ 2 Steckdose,,,,,,,,,,,
SWP Stadtwerke Pforzheim GmbH&Co.KG,Stadtwerke Pforzheim,Pfälzer Straße,0,,75177,Pforzheim,Stadtkreis Pforzheim,Baden-Württemberg,"48,897637","8,705223",6/27/2023,44,2,AC Typ 2 Steckdose,,AC Typ 2 Steckdose,,,,,,,,,,,
EWE Go GmbH,EWE Go GmbH,Adolf-Seebacher-Str.,2,,75177,Pforzheim,Stadtkreis Pforzheim,Baden-Württemberg,"48,91042","8,716654",8/2/2024,300,2,DC Fahrzeugkupplung Typ Combo 2 (CCS),,DC Fahrzeugkupplung Typ Combo 2 (CCS),,,,,,,,,,,
Gartencenter Streb GmbH,,Kieselbronner Str.,43,,75177,Pforzheim,Stadtkreis Pforzheim,Baden-Württemberg,"48,910892","8,720037",7/31/2020,44,2,AC Typ 2 Steckdose,"6665 7179 37a9 e762 a51f 6ab7
ae79 41c0 796f b05a e061 9a90
e110 713d 8dc7 5022 a1d5 44a0
ba1e 480a a816 be2c 4423 584f",AC Typ 2 Steckdose,"6665 7179 37a9 e762 a51f 6ab7
ae79 41c0 796f b05a e061 9a90
e110 713d 8dc7 5022 a1d5 44a0
ba1e 480a a816 be2c 4423 584f",,"6665 7179 37a9 e762 a51f 6ab7
ae79 41c0 796f b05a e061 9a90
e110 713d 8dc7 5022 a1d5 44a0
ba1e 480a a816 be2c 4423 584f",,,,,,,,
Hahn Sportwagen Pforzheim GmbH,,Kieselbronner Str.,37,,75177,Pforzheim,Stadtkreis Pforzheim,Baden-Württemberg,"48,910838","8,719216",12/1/2020,320,1,DC Fahrzeugkupplung Typ Combo 2 (CCS); DC CHAdeMO,,,,,,,,,,,,,
Hahn Sportwagen Pforzheim GmbH,,Kieselbronner Str.,37,,75177,Pforzheim,Stadtkreis Pforzheim,Baden-Württemberg,"48,910838","8,719216",12/1/2020,320,1,DC Fahrzeugkupplung Typ Combo 2 (CCS); DC CHAdeMO,,,,,,,,,,,,,
STÖBER Antriebstechnik GmbH + Co. KG,,Kieselbronner Straße,12,,75177,Pforzheim,Stadtkreis Pforzheim,Baden-Württemberg,"48,905874","8,713871",2/17/2020,22,2,AC Typ 2 Steckdose,,AC Typ 2 Steckdose,,,,,,,,,,,
BP Europa SE,Aral Pulse,B294 & Lochäckerstr.,0,,75177,Pforzheim,Stadtkreis Pforzheim,Baden-Württemberg,"48,90994","8,71769",12/20/2024,300,2,DC Fahrzeugkupplung Typ Combo 2 (CCS),,DC Fahrzeugkupplung Typ Combo 2 (CCS),,,,,,,,,,,
BP Europa SE,Aral Pulse,B294 & Lochäckerstr.,0,,75177,Pforzheim,Stadtkreis Pforzheim,Baden-Württemberg,"48,90994","8,71769",12/20/2024,300,2,DC Fahrzeugkupplung Typ Combo 2 (CCS),,DC Fahrzeugkupplung Typ Combo 2 (CCS),,,,,,,,,,,
EnBW mobility+ AG und Co.KG ,,Rastatter Straße,5,,75179,Pforzheim,Stadtkreis Pforzheim,Baden-Württemberg,"48,89977","8,66679",11/3/2022,150,2,DC Fahrzeugkupplung Typ Combo 2 (CCS),,DC Fahrzeugkupplung Typ Combo 2 (CCS),,,,,,,,,,,
EnBW mobility+ AG und Co.KG ,,Rastatter Straße,5,,75179,Pforzheim,Stadtkreis Pforzheim,Baden-Württemberg,"48,89977","8,66679",11/3/2022,150,2,DC Fahrzeugkupplung Typ Combo 2 (CCS),,DC Fahrzeugkupplung Typ Combo 2 (CCS),,,,,,,,,,,
EnBW mobility+ AG und Co.KG ,,Rastatter Straße,5,,75179,Pforzheim,Stadtkreis Pforzheim,Baden-Württemberg,"48,89977","8,66679",11/3/2022,300,2,DC Fahrzeugkupplung Typ Combo 2 (CCS),,DC Fahrzeugkupplung Typ Combo 2 (CCS),,,,,,,,,,,
EnBW mobility+ AG und Co.KG ,,Rastatter Straße,5,,75179,Pforzheim,Stadtkreis Pforzheim,Baden-Württemberg,"48,89977","8,66679",11/3/2022,300,2,DC Fahrzeugkupplung Typ Combo 2 (CCS),,DC Fahrzeugkupplung Typ Combo 2 (CCS),,,,,,,,,,,
EnBW mobility+ AG und Co.KG ,,Konstanzer Straße,6,,75179,Pforzheim,Stadtkreis Pforzheim,Baden-Württemberg,"48,89893","8,668895",7/13/2023,150,2,DC Fahrzeugkupplung Typ Combo 2 (CCS),,DC Fahrzeugkupplung Typ Combo 2 (CCS),,,,,,,,,,,
EnBW mobility+ AG und Co.KG ,,Konstanzer Straße,6,,75179,Pforzheim,Stadtkreis Pforzheim,Baden-Württemberg,"48,89893","8,668895",7/13/2023,300,2,DC Fahrzeugkupplung Typ Combo 2 (CCS),,DC Fahrzeugkupplung Typ Combo 2 (CCS),,,,,,,,,,,
OMS Prüfservice GmbH,,Villinger Straße,3,,75179,Pforzheim,Stadtkreis Pforzheim,Baden-Württemberg,"48,904844","8,659446",3/8/2022,22,1,AC Typ 2 Steckdose,,,,,,,,,,,,,
OMS Prüfservice GmbH,,Villinger Straße,3,,75179,Pforzheim,Stadtkreis Pforzheim,Baden-Württemberg,"48,904844","8,659446",3/8/2022,22,1,AC Typ 2 Steckdose,,,,,,,,,,,,,
Lidl Dienstleistung GmbH & Co. KG,Lidl,Arlinger Str.,1,LDE_6061_T54-HU1-3419-008,75179,Pforzheim-Arlinger,Stadtkreis Pforzheim,Baden-Württemberg,"48,8873","8,66268",3/11/2021,50,3,AC Typ 2 Fahrzeugkupplung; AC Schuko,,AC Typ 2 Fahrzeugkupplung,,AC Typ 2 Steckdose; AC Typ 2 Fahrzeugkupplung,,AC Typ 2 Steckdose; AC Typ 2 Fahrzeugkupplung,,,,,,,
Pfalzwerke AG,Pfalzwerke AG,Schwenninger Straße,4,,75179,Pforzheim,Stadtkreis Pforzheim,Baden-Württemberg,"48,90563","8,655417",1/31/2020,93,2,AC Typ 2 Fahrzeugkupplung,,DC Fahrzeugkupplung Typ Combo 2 (CCS); DC CHAdeMO,,,,,,,,,,,
Pfalzwerke AG,Pfalzwerke AG,Schwenninger Straße,4,,75179,Pforzheim,Stadtkreis Pforzheim,Baden-Württemberg,"48,905655","8,655442",1/31/2020,44,2,AC Typ 2 Steckdose,,AC Typ 2 Steckdose,,,,,,,,,,,
SWP Stadtwerke Pforzheim GmbH&Co.KG,Stadtwerke Pforzheim,Dietlinger Straße,0,,75179,Pforzheim,Stadtkreis Pforzheim,Baden-Württemberg,"48,891802","8,663561",5/12/2023,44,2,AC Typ 2 Steckdose,,AC Typ 2 Steckdose,,,,,,,,,,,
SWP Stadtwerke Pforzheim GmbH&Co.KG,Stadtwerke Pforzheim,Höhenstraße,0,,75179,Pforzheim,Stadtkreis Pforzheim,Baden-Württemberg,"48,890475","8,654712",5/12/2023,44,2,AC Typ 2 Steckdose,,AC Typ 2 Steckdose,,,,,,,,,,,
SWP Stadtwerke Pforzheim GmbH&Co.KG,Stadtwerke Pforzheim,Hahnenstraße,0,,75179,Pforzheim,Stadtkreis Pforzheim,Baden-Württemberg,"48,889812","8,661041",5/12/2023,44,2,AC Typ 2 Steckdose,,AC Typ 2 Steckdose,,,,,,,,,,,
SWP Stadtwerke Pforzheim GmbH&Co.KG,Stadtwerke Pforzheim,Feldbergstraße,0,,75179,Pforzheim,Stadtkreis Pforzheim,Baden-Württemberg,"48,887811","8,653604",6/27/2023,44,2,AC Typ 2 Steckdose,,AC Typ 2 Steckdose,,,,,,,,,,,
SWP Stadtwerke Pforzheim GmbH&Co.KG,Stadtwerke Pforzheim,Teichnachstraße,0,,75179,Pforzheim,Stadtkreis Pforzheim,Baden-Württemberg,"48,886269","8,65782",6/27/2023,44,2,AC Typ 2 Steckdose,,AC Typ 2 Steckdose,,,,,,,,,,,
SWP Stadtwerke Pforzheim GmbH&Co.KG,Stadtwerke Pforzheim,Theodor-Mohr-Straße,0,,75179,Pforzheim,Stadtkreis Pforzheim,Baden-Württemberg,"48,889966","8,665948",6/27/2023,44,2,AC Typ 2 Steckdose,,AC Typ 2 Steckdose,,,,,,,,,,,
SWP Stadtwerke Pforzheim GmbH&Co.KG,Stadtwerke Pforzheim,Richard-Wagner-Allee,0,,75179,Pforzheim,Stadtkreis Pforzheim,Baden-Württemberg,"48,89777","8,690048",6/27/2023,44,2,AC Typ 2 Steckdose,,AC Typ 2 Steckdose,,,,,,,,,,,
S&G Automobil AG,,Adolf-Richter-Straße,13,,75179,Pforzheim,Stadtkreis Pforzheim,Baden-Württemberg,"48,880011","8,656383",4/12/2021,22,2,AC Typ 2 Steckdose,,AC Typ 2 Steckdose,,,,,,,,,,,
S&G Automobil AG,,Adolf-Richter-Straße,13,,75179,Pforzheim,Stadtkreis Pforzheim,Baden-Württemberg,"48,880132","8,656231",4/12/2021,22,2,AC Typ 2 Steckdose,,AC Typ 2 Steckdose,,,,,,,,,,,
S&G Automobil AG,,Adolf-Richter-Straße,13,,75179,Pforzheim,Stadtkreis Pforzheim,Baden-Württemberg,"48,880161","8,656299",4/12/2021,22,2,AC Typ 2 Steckdose,,AC Typ 2 Steckdose,,,,,,,,,,,
S&G Automobil AG,,Adolf-Richter-Straße,13,,75179,Pforzheim,Stadtkreis Pforzheim,Baden-Württemberg,"48,879394","8,655646",4/12/2021,44,2,AC Typ 2 Steckdose,,AC Typ 2 Steckdose,,,,,,,,,,,
Hahn Automobile GmbH & Co. KG,,Karlsruher Straße,32,,75179,Pforzheim,Stadtkreis Pforzheim,Baden-Württemberg,"48,90345","8,658824",12/23/2020,22,2,AC Typ 2 Steckdose,,AC Typ 2 Steckdose,,,,,,,,,,,
On Charge GmbH,,Brendstraße,68,,75179,Pforzheim,Stadtkreis Pforzheim,Baden-Württemberg,"48,888583","8,653028",3/1/2024,27,2,AC Typ 2 Steckdose,37F1 72EE 46D0 2506 0B0F 114C 1DB0 69AD 14CE 0ADC B1C8 2474 762B 4EEF 4383 2458 85EA F460 6B3E DCFE 7FCD E101 8EB8 08E0,AC Typ 2 Steckdose,37F1 72EE 46D0 2506 0B0F 114C 1DB0 69AD 14CE 0ADC B1C8 2474 762B 4EEF 4383 2458 85EA F460 6B3E DCFE 7FCD E101 8EB8 08E0,,37F1 72EE 46D0 2506 0B0F 114C 1DB0 69AD 14CE 0ADC B1C8 2474 762B 4EEF 4383 2458 85EA F460 6B3E DCFE 7FCD E101 8EB8 08E0,,,,,,,,
Tesla Germany GmbH,,Karlsruher Str.,48,,75179,Pforzheim,Stadtkreis Pforzheim,Baden-Württemberg,"48,905018","8,654438",8/28/2024,250,1,DC Fahrzeugkupplung Typ Combo 2 (CCS),048D9C7B04BBD77C5EDF250E7BEBF6D592A0127E9643CC84C8A725099598FB41FC5AB44DB1FD58696BE613552D9604BA5807C2FA11915747981ED1A35B65FDD21F,,,,,,,,,,,,
Tesla Germany GmbH,,Karlsruher Str.,48,,75179,Pforzheim,Stadtkreis Pforzheim,Baden-Württemberg,"48,905018","8,654438",8/28/2024,250,1,DC Fahrzeugkupplung Typ Combo 2 (CCS),041EB1B07A4650E26BBBD3089F023A7C5AEAB1F843B48CC544B7ACE28B649BCFC03CEB6F6D1E5C3268B69099B839ABC1AF7611C95694427E275957A6E39B117D06,,,,,,,,,,,,
Tesla Germany GmbH,,Karlsruher Str.,48,,75179,Pforzheim,Stadtkreis Pforzheim,Baden-Württemberg,"48,905018","8,654438",8/28/2024,250,1,DC Fahrzeugkupplung Typ Combo 2 (CCS),04E7192D3286E7484F4A70585311A87E157FECAD731E249CB0E49DED86799FC9D6E4A7B59F09C009AE00C0441FD922500C7ECD205A09E6E8E093A1FE30AA874262,,,,,,,,,,,,
Tesla Germany GmbH,,Karlsruher Str.,48,,75179,Pforzheim,Stadtkreis Pforzheim,Baden-Württemberg,"48,905018","8,654438",8/28/2024,250,1,DC Fahrzeugkupplung Typ Combo 2 (CCS),04B548992D45BD0CDA6A9FB3E2F7E19087D7B02FAB1A6D8A7EBBF23A262868547FD5D1B00EF0C80A5BEF589EBBBC38B26C468DE6B3A86FAFF1E06B7D84BFF8E829,,,,,,,,,,,,
Tesla Germany GmbH,,Karlsruher Str.,48,,75179,Pforzheim,Stadtkreis Pforzheim,Baden-Württemberg,"48,905018","8,654438",8/28/2024,250,1,DC Fahrzeugkupplung Typ Combo 2 (CCS),04587AC94984B57A66B4D78DBD0686A23F61F6E73091FDF1CF383C010A54DD37AD10682700F79C0EAA8E020D4A89B936AFB8CF120C661EC21C04DE706F5FFBEE1B,,,,,,,,,,,,
Tesla Germany GmbH,,Karlsruher Str.,48,,75179,Pforzheim,Stadtkreis Pforzheim,Baden-Württemberg,"48,905018","8,654438",8/28/2024,250,1,DC Fahrzeugkupplung Typ Combo 2 (CCS),04279CE4EA53609D78185CEA0A1A8248EA405F42A3A9502D98544ABF7F5A8738EED335EF5BBE812FBC470F933154D20283149721054677CDA4FA5EECD104B9C83F,,,,,,,,,,,,
Tesla Germany GmbH,,Karlsruher Str.,48,,75179,Pforzheim,Stadtkreis Pforzheim,Baden-Württemberg,"48,905018","8,654438",8/28/2024,250,1,DC Fahrzeugkupplung Typ Combo 2 (CCS),04C531A79AC228183AF74BA564718C27C7B17C24059A4794DF814AB61ACF1D429BB3FFB0F651FEB1DB1A58DA2C4CF774A66E52F4DBA1C2303EE1C4E88B5A1BCF93,,,,,,,,,,,,
Tesla Germany GmbH,,Karlsruher Str.,48,,75179,Pforzheim,Stadtkreis Pforzheim,Baden-Württemberg,"48,905018","8,654438",8/28/2024,250,1,DC Fahrzeugkupplung Typ Combo 2 (CCS),04C531A79AC228183AF74BA564718C27C7B17C24059A4794DF814AB61ACF1D429BB3FFB0F651FEB1DB1A58DA2C4CF774A66E52F4DBA1C2303EE1C4E88B5A1BCF93,,,,,,,,,,,,
Tesla Germany GmbH,,Karlsruher Str.,48,,75179,Pforzheim,Stadtkreis Pforzheim,Baden-Württemberg,"48,905018","8,654438",8/28/2024,250,1,DC Fahrzeugkupplung Typ Combo 2 (CCS),04B741ABC4CF7F44AD770D0ABCE8FA6C0752851EB9991B74183653BFF2069A9BD6E2D0B2F01B2D61577887BE5AFE03E81705B3E6E118B24BDBBF830856005C2D7E,,,,,,,,,,,,
Tesla Germany GmbH,,Karlsruher Str.,48,,75179,Pforzheim,Stadtkreis Pforzheim,Baden-Württemberg,"48,905018","8,654438",8/28/2024,250,1,DC Fahrzeugkupplung Typ Combo 2 (CCS),04FB2AC5C08B466BF359DF5008A6EF1DC671E09596A66ED2D9AD8088A4EA5913281FC2EB532AA45EFB49818AA237355BC93DC7851FB2C1F9DCD8DBE94FC4E8B854,,,,,,,,,,,,
Tesla Germany GmbH,,Karlsruher Str.,48,,75179,Pforzheim,Stadtkreis Pforzheim,Baden-Württemberg,"48,905018","8,654438",8/28/2024,250,1,DC Fahrzeugkupplung Typ Combo 2 (CCS),04289DC37231C4043AE24F6CF2A79ABAE488F773E8B006CAB2E747D9AA76CDB775FEC7693D9CE4645F584629819B20D34F720A079AFDAA18756821B7D6C186B8E6,,,,,,,,,,,,
Tesla Germany GmbH,,Karlsruher Str.,48,,75179,Pforzheim,Stadtkreis Pforzheim,Baden-Württemberg,"48,905018","8,654438",8/28/2024,250,1,DC Fahrzeugkupplung Typ Combo 2 (CCS),043F2BA4F4739E6C25310B66B6F9B5CE2917B9A2BE09BAEA8FE77212ADA92034CA568A3A15539E547E63A64A898F8E3A839F2C46CC4A79CDEE4EE0EA490BE1E78A,,,,,,,,,,,,
Tesla Germany GmbH,,Karlsruher Str.,48,,75179,Pforzheim,Stadtkreis Pforzheim,Baden-Württemberg,"48,905018","8,654438",8/28/2024,250,1,DC Fahrzeugkupplung Typ Combo 2 (CCS),045A71FFCB2D86DA59A6A791A8492D93A423949B9C5F8E0CB1F2E56F1E4BC09C7BF993378671777C5F7054A8E08C823A7069F756409A42D4200B917FF95245D630,,,,,,,,,,,,
Tesla Germany GmbH,,Karlsruher Str.,48,,75179,Pforzheim,Stadtkreis Pforzheim,Baden-Württemberg,"48,905018","8,654438",8/28/2024,250,1,DC Fahrzeugkupplung Typ Combo 2 (CCS),04761A2FCB58083E0DF1698FEA48F02C36E176ABCB1FC296E55858714A99386176C6E3553E57AC1FCD24C759F761E17852EA4BFC90B286C433AC9164FD41700DE7,,,,,,,,,,,,
Tesla Germany GmbH,,Karlsruher Str.,48,,75179,Pforzheim,Stadtkreis Pforzheim,Baden-Württemberg,"48,905018","8,654438",8/28/2024,250,1,DC Fahrzeugkupplung Typ Combo 2 (CCS),0443B1DA34684C0D8B61BA218F22999ADF25B4D97FD40CC806979B40AD9822F69D2BF8DB4FEC3AABC08CA06D3A1FCE20D15B527568C1845E727D886078C8948C3A,,,,,,,,,,,,
Tesla Germany GmbH,,Karlsruher Str.,48,,75179,Pforzheim,Stadtkreis Pforzheim,Baden-Württemberg,"48,905018","8,654438",8/29/2024,250,1,DC Fahrzeugkupplung Typ Combo 2 (CCS),0411F7BF95D0E504676782B4B2942747B656D580C3FE7A6D8CE107FD3ED99CFEDA125B287B55C2913E8DC0D56DD463AB96AC4AFE388A37653BA17705AAA6878DA2,,,,,,,,,,,,
Tesla Germany GmbH,,Karlsruher Str.,48,,75179,Pforzheim,Stadtkreis Pforzheim,Baden-Württemberg,"48,905018","8,654438",8/28/2024,250,1,DC Fahrzeugkupplung Typ Combo 2 (CCS),04638B12A06B1BCE7ED5287EB28289D88B759D93C9977B8A4025FECD5C7584C83903424C4CBE2B48DFA935D37BF1C8114F5D9773ED7B2944221F2AB7D119779A0F,,,,,,,,,,,,
Tesla Germany GmbH,,Karlsruher Str.,48,,75179,Pforzheim,Stadtkreis Pforzheim,Baden-Württemberg,"48,905018","8,654438",8/28/2024,250,1,DC Fahrzeugkupplung Typ Combo 2 (CCS),04FA57BABAB0321549AA580F06BF193EFE36D9FE3EC95D8BD8E239440580CD80A9151C8AD347083A9185E63EF66002257F6576CD5F5594648C11D19EEAB1DFB3F9,,,,,,,,,,,,
Tesla Germany GmbH,,Karlsruher Str.,48,,75179,Pforzheim,Stadtkreis Pforzheim,Baden-Württemberg,"48,905018","8,654438",8/28/2024,250,1,DC Fahrzeugkupplung Typ Combo 2 (CCS),045B2CD2B9B1DA6467A855036675D7E44F01B8C66A783C5DECFF33D201AF8022B0F5015FEC8BBD875B4792DB61205751DE115C7CA57647687E2B43EDB56C2A7FB6,,,,,,,,,,,,
Tesla Germany GmbH,,Karlsruher Str.,48,,75179,Pforzheim,Stadtkreis Pforzheim,Baden-Württemberg,"48,905018","8,654438",8/28/2024,250,1,DC Fahrzeugkupplung Typ Combo 2 (CCS),04B548992D45BD0CDA6A9FB3E2F7E19087D7B02FAB1A6D8A7EBBF23A262868547FD5D1B00EF0C80A5BEF589EBBBC38B26C468DE6B3A86FAFF1E06B7D84BFF8E829,,,,,,,,,,,,
EnBW mobility+ AG und Co.KG ,,Karlsruher Str.,69,,75179,Pforzheim,Stadtkreis Pforzheim,Baden-Württemberg,"48,902333","8,659008",3/31/2025,72,2,DC Fahrzeugkupplung Typ Combo 2 (CCS),,DC Fahrzeugkupplung Typ Combo 2 (CCS),,,,,,,,,,,
Team-Emobility GmbH,Team-Emobility GmbH,Karlsruher Str.,69,,75179,Pforzheim,Stadtkreis Pforzheim,Baden-Württemberg,"48,906857","8,651265",3/4/2025,22,3,AC Typ 2 Steckdose,,AC Typ 2 Steckdose,,AC Typ 2 Steckdose,,AC Typ 2 Steckdose,,,,,,,
BP Europa SE,Aral Pulse,Karlsruher Str.,26A,,75179,Pforzheim,Stadtkreis Pforzheim,Baden-Württemberg,"48,90205","8,66104",2/7/2025,300,2,DC Fahrzeugkupplung Typ Combo 2 (CCS),,DC Fahrzeugkupplung Typ Combo 2 (CCS),,,,,,,,,,,
BP Europa SE,Aral Pulse,Karlsruher Str.,26A,,75179,Pforzheim,Stadtkreis Pforzheim,Baden-Württemberg,"48,90205","8,66104",2/7/2025,300,2,DC Fahrzeugkupplung Typ Combo 2 (CCS),,DC Fahrzeugkupplung Typ Combo 2 (CCS),,,,,,,,,,,
SWP Stadtwerke Pforzheim GmbH&Co.KG,Stadtwerke Pforzheim,Konrad Adenauer Straße,0,,75180,Pforzheim,Stadtkreis Pforzheim,Baden-Württemberg,"48,867737","8,66565",5/12/2023,44,2,AC Typ 2 Steckdose,,AC Typ 2 Steckdose,,,,,,,,,,,
SWP Stadtwerke Pforzheim GmbH&Co.KG,Stadtwerke Pforzheim,August Bebel Straße,0,,75180,Pforzheim,Stadtkreis Pforzheim,Baden-Württemberg,"48,8724","8,667384",5/12/2023,44,2,AC Typ 2 Steckdose,,AC Typ 2 Steckdose,,,,,,,,,,,
SWP Stadtwerke Pforzheim GmbH&Co.KG,Stadtwerke Pforzheim,Forsthausstraße,0,,75180,Pforzheim,Stadtkreis Pforzheim,Baden-Württemberg,"48,855994","8,662838",6/27/2023,44,2,AC Typ 2 Steckdose,,AC Typ 2 Steckdose,,,,,,,,,,,
SWP Stadtwerke Pforzheim GmbH&Co.KG,Stadtwerke Pforzheim,Julius Näher Straße,0,,75180,Pforzheim,Stadtkreis Pforzheim,Baden-Württemberg,"48,875438","8,665275",6/27/2023,44,2,AC Typ 2 Steckdose,,AC Typ 2 Steckdose,,,,,,,,,,,
SWP Stadtwerke Pforzheim GmbH&Co.KG,Stadtwerke Pforzheim,Ludwigsplatz,0,,75180,Pforzheim,Stadtkreis Pforzheim,Baden-Württemberg,"48,877435","8,677239",6/27/2023,44,2,AC Typ 2 Steckdose,,AC Typ 2 Steckdose,,,,,,,,,,,
SWP Stadtwerke Pforzheim GmbH&Co.KG,Stadtwerke Pforzheim,In den Waldwiesen,1,,75180,Pforzheim,Stadtkreis Pforzheim,Baden-Württemberg,"48,875768","8,672775",1/1/2024,44,1,AC Typ 2 Steckdose,,,,,,,,,,,,,
B5_Strom,B5,Brötzinger Str.,5,,75180,Pforzheim,Stadtkreis Pforzheim,Baden-Württemberg,"48,857006","8,663613",12/23/2022,22,1,AC Typ 2 Steckdose,,,,,,,,,,,,,
B5_Strom,B5,Brötzinger Str.,5,,75180,Pforzheim,Stadtkreis Pforzheim,Baden-Württemberg,"48,857029","8,663582",12/10/2023,22,1,AC Typ 2 Steckdose,,,,,,,,,,,,,
Autohaus Weiss e.K.,,Im Hinteren Tal,30,,75180,Pforzheim,Stadtkreis Pforzheim,Baden-Württemberg,"48,868688","8,690082",6/8/2021,33,2,DC Fahrzeugkupplung Typ Combo 2 (CCS),,AC Typ 2 Steckdose,,,,,,,,,,,
SWP Stadtwerke Pforzheim GmbH&Co.KG,Stadtwerke Pforzheim,Gumbinner Straße,0,,75181,Pforzheim,Stadtkreis Pforzheim,Baden-Württemberg,"48,882796","8,736808",5/12/2023,44,2,AC Typ 2 Steckdose,,AC Typ 2 Steckdose,,,,,,,,,,,
SWP Stadtwerke Pforzheim GmbH&Co.KG,Stadtwerke Pforzheim,Marienburger Straße,0,,75181,Pforzheim,Stadtkreis Pforzheim,Baden-Württemberg,"48,882716","8,733869",5/12/2023,44,2,AC Typ 2 Steckdose,,AC Typ 2 Steckdose,,,,,,,,,,,
SWP Stadtwerke Pforzheim GmbH&Co.KG,Stadtwerke Pforzheim,Inselstraße,0,,75181,Pforzheim,Stadtkreis Pforzheim,Baden-Württemberg,"48,909748","8,74789",5/12/2023,44,2,AC Typ 2 Steckdose,,AC Typ 2 Steckdose,,,,,,,,,,,
SWP Stadtwerke Pforzheim GmbH&Co.KG,Stadtwerke Pforzheim,Strietweg,0,,75181,Pforzheim,Stadtkreis Pforzheim,Baden-Württemberg,"48,881741","8,731769",6/27/2023,44,2,AC Typ 2 Steckdose,,AC Typ 2 Steckdose,,,,,,,,,,,
SWP Stadtwerke Pforzheim GmbH&Co.KG,Stadtwerke Pforzheim,Saarlandstraße,0,,75181,Pforzheim,Stadtkreis Pforzheim,Baden-Württemberg,"48,852814","8,699304",6/27/2023,44,2,AC Typ 2 Steckdose,,AC Typ 2 Steckdose,,,,,,,,,,,
SWP Stadtwerke Pforzheim GmbH&Co.KG,Stadtwerke Pforzheim,Stettinger Straße,0,,75181,Pforzheim,Stadtkreis Pforzheim,Baden-Württemberg,"48,884158","8,730382",6/27/2023,44,2,AC Typ 2 Steckdose,,AC Typ 2 Steckdose,,,,,,,,,,,
SWP Stadtwerke Pforzheim GmbH&Co.KG,Stadtwerke Pforzheim,Brömachweg,0,,75181,Pforzheim,Stadtkreis Pforzheim,Baden-Württemberg,"48,914567","8,751472",6/27/2023,44,2,AC Typ 2 Steckdose,,AC Typ 2 Steckdose,,,,,,,,,,,
SWP Stadtwerke Pforzheim GmbH&Co.KG,Stadtwerke Pforzheim,Königsberger Straße,0,,75181,Pforzheim,Stadtkreis Pforzheim,Baden-Württemberg,"48,88251","8,729789",6/27/2023,44,2,AC Typ 2 Steckdose,,AC Typ 2 Steckdose,,,,,,,,,,,
SWP Stadtwerke Pforzheim GmbH&Co.KG,Stadtwerke Pforzheim,Gleiwitzer Straße,0,,75181,Pforzheim,Stadtkreis Pforzheim,Baden-Württemberg,"48,880176","8,740081",6/27/2023,44,2,AC Typ 2 Steckdose,,AC Typ 2 Steckdose,,,,,,,,,,,
SWP Stadtwerke Pforzheim GmbH&Co.KG,Stadtwerke Pforzheim,Glogauer Straße,0,,75181,Pforzheim,Stadtkreis Pforzheim,Baden-Württemberg,"48,880053","8,741877",6/27/2023,44,2,AC Typ 2 Steckdose,,AC Typ 2 Steckdose,,,,,,,,,,,
Auto & Service A&S GmbH & Co. KG,Auto & Service A&S GmbH & Co. KG,Gablonzerstraße,9,,75181,Pforzheim,Stadtkreis Pforzheim,Baden-Württemberg,"48,886124","8,754481",4/15/2020,66,3,AC Typ 2 Steckdose,,AC Typ 2 Steckdose; AC Schuko,,AC Typ 2 Steckdose; AC Schuko,,AC Typ 2 Steckdose; AC Schuko,,,,,,,
Elektro Mürle GmbH,,Oberer Hardweg,8,,75181,Pforzheim,Stadtkreis Pforzheim,Baden-Württemberg,"48,861943","8,700702",6/28/2022,22,2,AC Typ 2 Fahrzeugkupplung,3059 3013 0607 2A86 48CE 3D02 0106 082A 8648 CE3D 0301 0703 4200 0453 0A39 066D 05C7 DDF0 E2FF 1EFD 8473 553D 1C5D BEDB 4674 005C 87BB 95CB 6A7F B3F3 7DC1 9859 2C76 ED50 B5C8 F454 B451 23A4 5CC2 3C1B 7DED 6A32 36CE 9D03 85B4 5C,AC Typ 2 Fahrzeugkupplung,3059 3013 0607 2A86 48CE 3D02 0106 082A 8648 CE3D 0301 0703 4200 04A3 2EED 207B A8FE 97A7 89A8 FBD0 65EE 403D DDCB 564F A035 BB4D 2237 0D64 F323 5DE3 A410 8B7A 94BA D0B8 F660 CB9D B2C1 029E A05C BBF4 8CC4 D449 4442 1ACB 2691 2D,,3059 3013 0607 2A86 48CE 3D02 0106 082A 8648 CE3D 0301 0703 4200 04A3 2EED 207B A8FE 97A7 89A8 FBD0 65EE 403D DDCB 564F A035 BB4D 2237 0D64 F323 5DE3 A410 8B7A 94BA D0B8 F660 CB9D B2C1 029E A05C BBF4 8CC4 D449 4442 1ACB 2691 2D,,,,,,,,
Elektro Mürle GmbH,,Oberer Hardweg,8,,75181,Pforzheim,Stadtkreis Pforzheim,Baden-Württemberg,"48,861821","8,700937",10/15/2023,22,2,AC Typ 2 Fahrzeugkupplung,,AC Typ 2 Fahrzeugkupplung,,,,,,,,,,,
SWP Stadtwerke Pforzheim GmbH&Co.KG,Stadtwerke Pforzheim,Industriestr.,58,,75181,Pforzheim,Stadtkreis Pforzheim,Baden-Württemberg,"48,856515","8,700839",5/7/2025,150,2,DC Fahrzeugkupplung Typ Combo 2 (CCS),"3056 3010 0607 2a86 48ce 3d02
0106 052b 8104 000a 0342 0004
4e52 4ac5 bcab effd 7442 0eeb
9bb0 c88f 276a e24d 8535 4e40
e019 350e b25e 8dcc f17d 690c
3c4b 46f7 1bea 758b b59d 179b
f52f 3a45 8f81 a331 c996 1812
be1d e171",DC Fahrzeugkupplung Typ Combo 2 (CCS),"3056 3010 0607 2a86 48ce 3d02
0106 052b 8104 000a 0342 0004
5db1 ad33 5ed8 ce07 4eb4 5ccc
957c d8d9 bd1a 6460 5013 1085
d3f3 c021 45de 6ba4 2f9f eb4f
3bdd cfc1 feda 91df 4836 c6b8
0bc8 b11e 29a8 2ced e9fb a674
d678 ac37",,"3056 3010 0607 2a86 48ce 3d02
0106 052b 8104 000a 0342 0004
5db1 ad33 5ed8 ce07 4eb4 5ccc
957c d8d9 bd1a 6460 5013 1085
d3f3 c021 45de 6ba4 2f9f eb4f
3bdd cfc1 feda 91df 4836 c6b8
0bc8 b11e 29a8 2ced e9fb a674
d678 ac37",,,,,,,,
